{
    "clientName": "Thunder Client",
    "collectionName": "CocoStore",
    "collectionId": "c55ccf97-2bc6-478d-9f6c-bddd1459bbe0",
    "dateExported": "2024-05-29T18:28:51.385Z",
    "version": "1.2",
    "folders": [
        {
            "_id": "1ca058d7-aadf-40c5-9d4e-f2268203b067",
            "name": "userRoutes",
            "containerId": "",
            "created": "2024-05-27T18:46:47.838Z",
            "sortNum": 10000
        },
        {
            "_id": "b11df182-eaed-48da-a8fa-3d659d250da1",
            "name": "authRoutes",
            "containerId": "",
            "created": "2024-05-27T19:22:35.557Z",
            "sortNum": 20000
        },
        {
            "_id": "0cc169d8-e0cb-44c1-9958-346e0270ab90",
            "name": "productRoutes",
            "containerId": "",
            "created": "2024-05-28T13:46:53.724Z",
            "sortNum": 30000
        },
        {
            "_id": "286bb2a0-dd57-4ca0-8a73-796122452d51",
            "name": "cashRegister",
            "containerId": "",
            "created": "2024-05-28T15:57:19.927Z",
            "sortNum": 40000
        }
    ],
    "requests": [
        {
            "_id": "5308def0-e54e-441f-bdf7-809bedbbfaf7",
            "colId": "c55ccf97-2bc6-478d-9f6c-bddd1459bbe0",
            "containerId": "b11df182-eaed-48da-a8fa-3d659d250da1",
            "name": "login",
            "url": "http://localhost:8080/auth/login/",
            "method": "POST",
            "sortNum": 10000,
            "created": "2024-05-27T19:06:34.516Z",
            "modified": "2024-05-29T16:12:54.553Z",
            "headers": [],
            "body": {
                "type": "json",
                "raw": "{\"name\":\"coco2\",\"password\":\"Password1\"}",
                "form": []
            }
        },
        {
            "_id": "d8e00f24-c621-40bf-94a7-0651318b0620",
            "colId": "c55ccf97-2bc6-478d-9f6c-bddd1459bbe0",
            "containerId": "1ca058d7-aadf-40c5-9d4e-f2268203b067",
            "name": "Alluser",
            "url": "http://localhost:8080/users/allUsers/",
            "method": "GET",
            "sortNum": 40000,
            "created": "2024-05-27T19:08:22.840Z",
            "modified": "2024-05-28T20:29:49.289Z",
            "headers": [
                {
                    "name": "Cookie",
                    "value": "eyJhbGciOiJIUzI1NiIsInR5cCI6IkpXVCJ9.eyJyb2xlIjoiQWRtaW4iLCJpc0FjdGl2ZSI6dHJ1ZSwiaWF0IjoxNzE2OTI4MTczLCJleHAiOjE3MTY5MzUzNzN9.YRJwyl_HC_JNlnUH7EE-1Nx6_OnfLsebol1sVSCkoj8"
                }
            ]
        },
        {
            "_id": "265983ed-375f-4506-9035-8dea662214b4",
            "colId": "c55ccf97-2bc6-478d-9f6c-bddd1459bbe0",
            "containerId": "b11df182-eaed-48da-a8fa-3d659d250da1",
            "name": "logOut",
            "url": "http://localhost:8080/auth/logout/",
            "method": "POST",
            "sortNum": 50000,
            "created": "2024-05-27T19:22:43.972Z",
            "modified": "2024-05-27T22:24:40.760Z",
            "headers": [
                {
                    "name": "Cookie",
                    "value": "token",
                    "isDisabled": true
                }
            ],
            "body": {
                "type": "json",
                "raw": "{\"name\":\"coco2\"}",
                "form": []
            }
        },
        {
            "_id": "80d5f9eb-4143-433a-9b4e-2aa8e6db309f",
            "colId": "c55ccf97-2bc6-478d-9f6c-bddd1459bbe0",
            "containerId": "1ca058d7-aadf-40c5-9d4e-f2268203b067",
            "name": "searchByID",
            "url": "http://localhost:8080/users/userById,6654d695dc8f9f2ab572ab48",
            "method": "GET",
            "sortNum": 60000,
            "created": "2024-05-28T12:20:57.469Z",
            "modified": "2024-05-28T12:21:49.830Z",
            "headers": []
        },
        {
            "_id": "6dddb6f9-3eae-4e10-9ba2-c911ecdf9e7f",
            "colId": "c55ccf97-2bc6-478d-9f6c-bddd1459bbe0",
            "containerId": "1ca058d7-aadf-40c5-9d4e-f2268203b067",
            "name": "searchByName",
            "url": "http://localhost:8080/users/userByName,Dani",
            "method": "GET",
            "sortNum": 70000,
            "created": "2024-05-28T12:28:35.144Z",
            "modified": "2024-05-28T12:52:33.638Z",
            "headers": [
                {
                    "name": "Cookie",
                    "value": "eyJhbGciOiJIUzI1NiIsInR5cCI6IkpXVCJ9.eyJyb2xlIjoiQWRtaW4iLCJpc0FjdGl2ZSI6dHJ1ZSwiaWF0IjoxNzE2OTAwNzM1LCJleHAiOjE3MTY5MDc5MzV9.W5N9crAME-Knq5uY8PcN8ubqZk7oGlvEVD1io02YdN8"
                }
            ]
        },
        {
            "_id": "02cd7a98-5ec5-4e30-b9b0-d1f619018dd1",
            "colId": "c55ccf97-2bc6-478d-9f6c-bddd1459bbe0",
            "containerId": "1ca058d7-aadf-40c5-9d4e-f2268203b067",
            "name": "newUser",
            "url": "http://localhost:8080/users/newUser/",
            "method": "POST",
            "sortNum": 75000,
            "created": "2024-05-27T18:47:34.459Z",
            "modified": "2024-05-28T13:04:05.469Z",
            "headers": [
                {
                    "name": "Cookie",
                    "value": "eyJhbGciOiJIUzI1NiIsInR5cCI6IkpXVCJ9.eyJuYW1lIjoiY29jbzIiLCJyb2xlIjoiQWRtaW4iLCJpYXQiOjE3MTY4NDk5NDgsImV4cCI6MTcxNjg1NzE0OH0.Vl0UP3cdZvoujCWucMH5XraEKL8T2cT2gDJFc-kMSpU"
                }
            ],
            "body": {
                "type": "json",
                "raw": "{\"name\":\"Adrian\",\"password\":\"passwo1231Ard\",\"cellPhone\":5493704094513,\"role\":\"Admin\"}",
                "form": []
            }
        },
        {
            "_id": "6313e978-21ac-4664-b7d9-469142d4983f",
            "colId": "c55ccf97-2bc6-478d-9f6c-bddd1459bbe0",
            "containerId": "1ca058d7-aadf-40c5-9d4e-f2268203b067",
            "name": "updateUserByName",
            "url": "http://localhost:8080/users/updateUser,dani/",
            "method": "PUT",
            "sortNum": 80000,
            "created": "2024-05-28T12:30:42.595Z",
            "modified": "2024-05-28T20:34:38.785Z",
            "headers": [
                {
                    "name": "Cookie",
                    "value": "eyJhbGciOiJIUzI1NiIsInR5cCI6IkpXVCJ9.eyJyb2xlIjoiQWRtaW4iLCJpc0FjdGl2ZSI6dHJ1ZSwiaWF0IjoxNzE2OTAwNzM1LCJleHAiOjE3MTY5MDc5MzV9.W5N9crAME-Knq5uY8PcN8ubqZk7oGlvEVD1io02YdN8.MZIc_lPSN7XmT0J_Trq9HhwGQqMYeMuG8GFcpaxTiCU"
                }
            ],
            "body": {
                "type": "json",
                "raw": "{\"role\":\"ad\",\"cellPhone\":5493704999999}",
                "form": []
            }
        },
        {
            "_id": "69d14992-d4d0-45e7-a5cc-aa407f890333",
            "colId": "c55ccf97-2bc6-478d-9f6c-bddd1459bbe0",
            "containerId": "1ca058d7-aadf-40c5-9d4e-f2268203b067",
            "name": "downUser",
            "url": "http://localhost:8080/users/downUser,dani/",
            "method": "DELETE",
            "sortNum": 90000,
            "created": "2024-05-28T12:55:37.053Z",
            "modified": "2024-05-28T12:56:01.105Z",
            "headers": [
                {
                    "name": "Cookie",
                    "value": "eyJhbGciOiJIUzI1NiIsInR5cCI6IkpXVCJ9.eyJyb2xlIjoiQWRtaW4iLCJpc0FjdGl2ZSI6dHJ1ZSwiaWF0IjoxNzE2OTAwNzM1LCJleHAiOjE3MTY5MDc5MzV9.W5N9crAME-Knq5uY8PcN8ubqZk7oGlvEVD1io02YdN8"
                }
            ]
        },
        {
            "_id": "772d1ba3-5bb1-419d-8273-a2543d62cd92",
            "colId": "c55ccf97-2bc6-478d-9f6c-bddd1459bbe0",
            "containerId": "1ca058d7-aadf-40c5-9d4e-f2268203b067",
            "name": "deleteUser",
            "url": "http://localhost:8080/users/deleteUser,Adrian/",
            "method": "DELETE",
            "sortNum": 100000,
            "created": "2024-05-28T13:04:26.069Z",
            "modified": "2024-05-28T13:05:17.538Z",
            "headers": [
                {
                    "name": "Cookie",
                    "value": "eyJhbGciOiJIUzI1NiIsInR5cCI6IkpXVCJ9.eyJyb2xlIjoiQWRtaW4iLCJpc0FjdGl2ZSI6dHJ1ZSwiaWF0IjoxNzE2OTAwNzM1LCJleHAiOjE3MTY5MDc5MzV9.W5N9crAME-Knq5uY8PcN8ubqZk7oGlvEVD1io02YdN8"
                }
            ]
        },
        {
            "_id": "904e9264-6853-4400-82a6-f693236fc79b",
            "colId": "c55ccf97-2bc6-478d-9f6c-bddd1459bbe0",
            "containerId": "0cc169d8-e0cb-44c1-9958-346e0270ab90",
            "name": "table",
            "url": "http://localhost:8080/stock/table/",
            "method": "GET",
            "sortNum": 110000,
            "created": "2024-05-28T13:48:30.587Z",
            "modified": "2024-05-28T13:48:45.877Z",
            "headers": []
        },
        {
            "_id": "31f920ed-530c-4a71-bf88-f8175e010324",
            "colId": "c55ccf97-2bc6-478d-9f6c-bddd1459bbe0",
            "containerId": "0cc169d8-e0cb-44c1-9958-346e0270ab90",
            "name": "newProduct",
            "url": "http://localhost:8080/stock/newProduct/",
            "method": "POST",
            "sortNum": 120000,
            "created": "2024-05-28T13:50:36.336Z",
            "modified": "2024-05-29T14:52:54.396Z",
            "headers": [],
            "body": {
                "type": "json",
                "raw": "{\"name\":\"Sprite\",\"cost\":2000,\"price\":2500,\n\"expiresIn\":\"2024-12-18\",\"quantity\":12}",
                "form": []
            }
        },
        {
            "_id": "5efaa5a8-b321-43ac-968a-5be861301e12",
            "colId": "c55ccf97-2bc6-478d-9f6c-bddd1459bbe0",
            "containerId": "0cc169d8-e0cb-44c1-9958-346e0270ab90",
            "name": "searchById",
            "url": "http://localhost:8080/stock/productId,6655fdc368acc3f02a71606a/",
            "method": "GET",
            "sortNum": 130000,
            "created": "2024-05-28T15:54:22.389Z",
            "modified": "2024-05-28T15:54:55.389Z",
            "headers": []
        },
        {
            "_id": "9fcf4a1b-7460-472f-8793-807d1d183781",
            "colId": "c55ccf97-2bc6-478d-9f6c-bddd1459bbe0",
            "containerId": "0cc169d8-e0cb-44c1-9958-346e0270ab90",
            "name": "searchByName",
            "url": "http://localhost:8080/stock/productName,Coca/",
            "method": "GET",
            "sortNum": 140000,
            "created": "2024-05-28T15:55:13.721Z",
            "modified": "2024-05-28T15:56:09.955Z",
            "headers": []
        },
        {
            "_id": "686d1204-3771-46dc-8132-a53477c61cda",
            "colId": "c55ccf97-2bc6-478d-9f6c-bddd1459bbe0",
            "containerId": "0cc169d8-e0cb-44c1-9958-346e0270ab90",
            "name": "updateProduct",
            "url": "http://localhost:8080/stock/updateProduct,CocaCCola",
            "method": "PUT",
            "sortNum": 160000,
            "created": "2024-05-28T15:57:34.980Z",
            "modified": "2024-05-29T14:50:54.588Z",
            "headers": [
                {
                    "name": "Cookie",
                    "value": "eyJhbGciOiJIUzI1NiIsInR5cCI6IkpXVCJ9.eyJyb2xlIjoiQWRtaW4iLCJpc0FjdGl2ZSI6dHJ1ZSwiaWF0IjoxNzE2OTkzMzM0LCJleHAiOjE3MTcwMDA1MzR9.M0PSaijL-ryXN6TMSb8uERKtCsTNgv4yGt58psQQrXU",
                    "isDisabled": true
                }
            ],
            "body": {
                "type": "json",
                "raw": "{\"name\":\"CocaCCola\",\n  \"cost\": 516,\n  \"price\": 2500,\n  \"quantity\": 12,\n  \"expiresIn\": \"2024-12-18\"}",
                "form": []
            }
        },
        {
            "_id": "1ddad4a5-1e62-4d66-a1a7-5215ff051e4a",
            "colId": "c55ccf97-2bc6-478d-9f6c-bddd1459bbe0",
            "containerId": "0cc169d8-e0cb-44c1-9958-346e0270ab90",
            "name": "dolarPrice",
            "url": "http://localhost:8080/stock/dolarPrice",
            "method": "GET",
            "sortNum": 170000,
            "created": "2024-05-28T15:56:38.033Z",
            "modified": "2024-05-28T15:56:56.243Z",
            "headers": []
        },
        {
            "_id": "61bc7230-4ae2-4c73-8657-5ce6d8f13471",
            "colId": "c55ccf97-2bc6-478d-9f6c-bddd1459bbe0",
            "containerId": "286bb2a0-dd57-4ca0-8a73-796122452d51",
            "name": "sellProduct",
            "url": "http://localhost:8080/cashRegister/sell",
            "method": "PUT",
            "sortNum": 180000,
            "created": "2024-05-29T14:55:51.077Z",
            "modified": "2024-05-29T15:20:39.706Z",
            "headers": [],
            "body": {
                "type": "json",
                "raw": "{\"name\":\"CocaCCola\",\"quantity\":1}",
                "form": []
            }
        },
        {
            "_id": "f63a3553-3263-49d9-935e-9faa92a13124",
            "colId": "c55ccf97-2bc6-478d-9f6c-bddd1459bbe0",
            "containerId": "286bb2a0-dd57-4ca0-8a73-796122452d51",
            "name": "getCash",
            "url": "http://localhost:8080/cashRegister/cash",
            "method": "GET",
            "sortNum": 190000,
            "created": "2024-05-29T15:12:46.984Z",
            "modified": "2024-05-29T15:13:01.552Z",
            "headers": []
        },
        {
            "_id": "5c4467eb-10ef-4c52-a847-4a5f794d41a4",
            "colId": "c55ccf97-2bc6-478d-9f6c-bddd1459bbe0",
            "containerId": "286bb2a0-dd57-4ca0-8a73-796122452d51",
            "name": "cashOut",
            "url": "http://localhost:8080/cashRegister/cashOut",
            "method": "PUT",
            "sortNum": 200000,
            "created": "2024-05-29T15:26:30.863Z",
            "modified": "2024-05-29T15:29:08.202Z",
            "headers": [],
            "body": {
                "type": "json",
                "raw": "{\"cashOut\":2500,\"name\":\"coco2\",\"password\":\"password\"}",
                "form": []
            }
        },
        {
            "_id": "0f430bc6-9e4b-423d-9129-3f56c18c40fb",
            "colId": "c55ccf97-2bc6-478d-9f6c-bddd1459bbe0",
            "containerId": "1ca058d7-aadf-40c5-9d4e-f2268203b067",
            "name": "updatePassword",
            "url": "http://localhost:8080/users/updatePassword/",
            "method": "PUT",
            "sortNum": 210000,
            "created": "2024-05-29T15:53:38.862Z",
            "modified": "2024-05-29T15:55:05.793Z",
            "headers": [],
            "body": {
                "type": "json",
                "raw": "{\"name\":\"coco2\",\"newPassword\":\"Password1\"}",
                "form": []
            }
        },
        {
            "_id": "54436a20-b924-45bf-81db-ac85bbfe072f",
            "colId": "c55ccf97-2bc6-478d-9f6c-bddd1459bbe0",
            "containerId": "286bb2a0-dd57-4ca0-8a73-796122452d51",
            "name": "restarCashRegister",
            "url": "http://localhost:8080/cashRegister/restar/",
            "method": "PUT",
            "sortNum": 230000,
            "created": "2024-05-29T18:25:22.453Z",
            "modified": "2024-05-29T18:26:27.768Z",
            "headers": [],
            "body": {
                "type": "json",
                "raw": "{\"name\":\"coco2\",\"password\":\"Password1\",\"cashInRegister\":6666}",
                "form": []
            }
        }
    ],
    "ref": "iYBJGbZpqJQq80pOXa5ZaF7VX7u097eddmaeuSW6krVfznf_6bz5AnWNtigqLC7l0s-_jR1sc0RGGkZsgi6Y7w"
}